datetime,open,high,low,close
2025-11-06,162.35,162.94,147.68,154.01
2025-11-05,154.99,163.99,147.24,162.35
2025-11-04,166.01,168.36,146.44,154.99
2025-11-03,187.67,189.05,163.2,166.01
2025-11-02,186.26,188.26,182.04,187.67
2025-11-01,187.12,187.42,183.7,186.26
2025-10-31,184.69,190.2,183.69,187.14
2025-10-30,193.92,198.2,178.58,184.67
2025-10-29,194.21,201.71,189.55,193.95
2025-10-28,198.67,203.95,190.37,194.21
2025-10-27,200.05,205.32,197.25,198.68
2025-10-26,193.86,202.19,191.96,200.07
2025-10-25,193.62,195.29,191.26,193.87
2025-10-24,191.42,196.79,188.83,193.63
2025-10-23,180.15,193.5,179.71,191.43
2025-10-22,185.7,187.53,177.24,180.16
2025-10-21,189.79,197.81,182.66,185.71
2025-10-20,187.94,194.63,183.89,189.79
2025-10-19,187.62,192.33,183.22,187.94
2025-10-18,182.01,188.42,181.81,187.63
2025-10-17,184.85,187.58,174.1,182.05
2025-10-16,193.93,198.5,182.0,184.88
2025-10-15,202.54,209.0,192.18,193.94
2025-10-14,208.87,211.47,191.23,202.55
2025-10-13,197.2,209.48,190.34,208.87
2025-10-12,177.83,199.19,173.17,197.2
2025-10-11,188.83,191.24,172.78,177.82
2025-10-10,221.03,224.52,176.85,188.82
2025-10-09,229.1,229.73,216.75,221.03
2025-10-08,220.06,229.77,217.44,229.14
2025-10-07,232.46,235.28,219.81,220.05
2025-10-06,228.68,237.96,227.63,232.45
2025-10-05,227.95,237.27,226.62,228.68
2025-10-04,232.98,234.21,224.29,227.96
2025-10-03,234.87,237.15,227.26,232.98
2025-10-02,222.17,235.07,219.64,234.87
2025-10-01,208.75,222.88,206.32,222.15
2025-09-30,212.84,213.83,204.25,208.74
2025-09-29,210.9,214.89,204.74,212.85
2025-09-28,203.56,211.04,198.04,210.89
2025-09-27,205.26,205.56,200.0,203.56
2025-09-26,192.81,205.62,190.82,205.26
2025-09-25,211.65,212.53,191.49,192.8
2025-09-24,213.31,216.49,204.94,211.67
2025-09-23,220.56,221.79,212.46,213.31
2025-09-22,236.28,237.08,213.71,220.56
2025-09-21,239.57,241.93,235.47,236.31
2025-09-20,238.66,241.33,237.03,239.58
2025-09-19,247.59,248.63,235.24,238.67
2025-09-18,244.92,253.61,242.63,247.56
2025-09-17,237.01,246.73,232.2,244.91
2025-09-16,234.33,241.0,231.34,237.01
2025-09-15,239.85,244.09,230.18,234.35
2025-09-14,242.5,250.0,239.25,239.86
2025-09-13,242.35,244.34,235.35,242.5
2025-09-12,228.83,244.31,228.21,242.36
2025-09-11,224.13,229.05,221.78,228.85
2025-09-10,217.23,225.96,215.09,224.14
2025-09-09,214.15,219.77,210.81,217.26
2025-09-08,206.33,217.17,205.56,214.15
2025-09-07,200.19,207.95,200.13,206.34
2025-09-06,203.37,204.66,199.34,200.18
2025-09-05,202.3,210.07,201.0,203.37
2025-09-04,210.83,212.0,201.81,202.32
2025-09-03,209.63,213.0,207.43,210.83
2025-09-02,197.3,209.7,196.74,209.64
2025-09-01,200.62,204.57,194.2,197.32
2025-08-31,202.74,206.67,200.29,200.63
2025-08-30,205.1,207.04,197.57,202.74
2025-08-29,214.44,217.95,199.86,205.1
2025-08-28,202.94,216.88,201.65,214.43
2025-08-27,195.87,212.09,193.77,202.93
2025-08-26,187.21,198.1,185.61,195.87
2025-08-25,205.96,213.49,185.41,187.21
2025-08-24,204.07,211.98,201.02,205.98
2025-08-23,200.6,208.43,195.21,204.06
2025-08-22,180.26,202.34,177.24,200.62
2025-08-21,187.96,190.09,179.35,180.27
2025-08-20,176.2,188.05,176.03,187.96
2025-08-19,182.99,185.95,175.65,176.2
2025-08-18,191.13,191.45,180.05,183.02
2025-08-17,189.72,195.91,187.47,191.15
2025-08-16,185.83,190.15,185.31,189.72
2025-08-15,192.59,198.2,182.63,185.86
2025-08-14,201.6,210.0,186.81,192.61
2025-08-13,191.7,204.94,191.41,201.62
2025-08-12,174.88,193.72,173.63,191.73
2025-08-11,182.71,186.78,173.42,174.89
2025-08-10,179.96,186.18,177.49,182.7
2025-08-09,176.82,183.46,176.62,179.96
2025-08-08,175.41,179.69,173.47,176.84
2025-08-07,168.15,175.55,166.68,175.41
2025-08-06,164.07,169.99,161.15,168.14
2025-08-05,169.59,171.7,161.26,164.07
2025-08-04,162.02,169.84,161.29,169.57
2025-08-03,158.46,163.14,156.27,162.02
2025-08-02,162.64,165.21,155.75,158.46
2025-08-01,172.18,172.26,159.11,162.66
2025-07-31,177.76,182.69,171.41,172.19
2025-07-30,181.45,182.53,170.38,177.76
2025-07-29,183.1,186.7,178.19,181.46
2025-07-28,188.72,195.37,182.2,183.13
2025-07-27,184.92,190.76,184.57,188.71
2025-07-26,186.8,189.8,184.37,184.94
2025-07-25,182.97,186.99,175.73,186.81
2025-07-24,189.5,192.06,179.29,182.96
2025-07-23,205.8,205.88,184.06,189.49
2025-07-22,195.83,206.42,193.82,205.8
2025-07-21,181.54,199.48,178.36,195.83
2025-07-20,177.05,183.72,176.4,181.52
2025-07-19,177.35,178.74,174.09,177.04
2025-07-18,175.99,184.79,173.3,177.34
2025-07-17,173.71,178.23,168.8,175.99
2025-07-16,164.01,176.1,161.53,173.71
2025-07-15,162.26,164.29,157.13,164.03
2025-07-14,161.22,168.69,160.69,162.25
2025-07-13,160.76,164.23,159.7,161.22
2025-07-12,162.96,163.98,157.77,160.76
2025-07-11,164.35,168.23,159.63,162.97
2025-07-10,157.11,165.4,155.71,164.35
2025-07-09,151.72,157.99,150.57,157.11
2025-07-08,148.9,152.89,147.84,151.72
2025-07-07,151.9,153.61,147.7,148.9
2025-07-06,147.61,153.9,146.82,151.9
2025-07-05,147.74,148.71,145.95,147.61
2025-07-04,152.39,153.92,145.25,147.74
2025-07-03,152.35,156.42,149.95,152.39
2025-07-02,146.91,154.53,145.86,152.32
2025-07-01,154.88,155.69,144.86,146.92
2025-06-30,153.34,163.9,149.48,154.88
2025-06-29,150.82,154.8,149.44,153.34
2025-06-28,142.18,152.73,141.2,150.81
2025-06-27,139.14,144.91,137.21,142.17
2025-06-26,143.65,148.06,138.7,139.14
2025-06-25,145.97,148.02,142.35,143.65
2025-06-24,144.62,146.9,142.4,145.98
2025-06-23,131.76,147.03,130.72,144.59
2025-06-22,135.48,137.69,126.03,131.76
2025-06-21,140.14,142.63,131.0,135.46
2025-06-20,147.08,148.83,135.72,140.15
2025-06-19,146.4,147.96,142.98,147.04
2025-06-18,147.61,149.32,143.69,146.41
2025-06-17,150.78,154.38,145.6,147.61
2025-06-16,153.0,158.82,150.37,150.77
2025-06-15,144.71,153.58,144.29,152.99
2025-06-14,148.68,148.76,142.03,144.72
2025-06-13,152.39,152.67,140.89,148.66
2025-06-12,161.01,161.35,152.08,152.39
2025-06-11,165.13,168.38,159.25,161.01
2025-06-10,161.22,165.71,156.35,165.15
2025-06-09,152.54,161.8,149.68,161.24
2025-06-08,150.13,155.35,148.0,152.53
2025-06-07,147.96,152.93,146.92,150.15
2025-06-06,144.38,152.5,144.19,147.96
2025-06-05,153.31,154.69,141.53,144.36
2025-06-04,155.31,158.04,153.0,153.33
2025-06-03,156.91,163.76,154.23,155.29
2025-06-02,157.78,159.0,151.71,156.9
2025-06-01,156.55,158.01,150.65,157.76
2025-05-31,156.3,158.1,152.2,156.53
2025-05-30,166.7,167.5,155.27,156.28
2025-05-29,172.27,175.43,165.96,166.71
2025-05-28,176.77,177.5,168.99,172.28
2025-05-27,174.99,179.5,171.29,176.8
2025-05-26,175.81,179.12,173.55,174.97
2025-05-25,175.96,176.96,169.2,175.8
2025-05-24,174.02,178.37,172.66,175.96
2025-05-23,179.73,187.73,173.27,174.03
2025-05-22,173.65,180.85,172.63,179.72
2025-05-21,168.65,176.0,165.61,173.61
2025-05-20,166.91,173.13,164.57,168.64
2025-05-19,173.39,174.01,159.48,166.88
2025-05-18,166.01,176.83,164.7,173.39
2025-05-17,167.47,170.01,164.1,166.03
2025-05-16,169.18,174.28,166.43,167.48
2025-05-15,176.69,178.39,166.8,169.19
2025-05-14,183.76,184.86,173.12,176.69
2025-05-13,174.23,184.8,166.17,183.76
2025-05-12,173.22,181.45,168.3,174.22
2025-05-11,177.88,180.16,169.41,173.23
2025-05-10,172.81,178.93,168.75,177.91
2025-05-09,164.44,176.14,161.02,172.8
2025-05-08,147.36,164.57,147.11,164.45
2025-05-07,146.89,149.64,144.67,147.37
2025-05-06,146.68,147.23,141.34,146.89
2025-05-05,143.96,147.71,142.51,146.68
2025-05-04,146.75,147.81,143.59,143.97
2025-05-03,148.09,149.11,145.88,146.75
2025-05-02,150.88,151.99,147.36,148.09
2025-05-01,147.57,154.04,147.56,150.89
2025-04-30,146.33,148.7,140.4,147.56
2025-04-29,147.89,150.38,145.0,146.34
2025-04-28,148.03,153.45,144.69,147.9
2025-04-27,149.29,150.43,145.54,148.04
2025-04-26,150.92,153.26,147.79,149.27
2025-04-25,152.61,157.08,150.01,150.91
2025-04-24,151.17,152.93,145.21,152.6
2025-04-23,148.86,154.28,147.2,151.16
2025-04-22,136.54,150.31,134.69,148.84
2025-04-21,137.86,143.13,133.82,136.56
2025-04-20,139.86,141.97,135.67,137.85
2025-04-19,134.06,140.5,133.58,139.87
2025-04-18,134.85,136.0,132.46,134.03
2025-04-17,131.31,136.15,129.47,134.85
2025-04-16,126.1,133.91,123.46,131.32
2025-04-15,129.39,134.42,125.8,126.09
2025-04-14,128.32,136.0,127.89,129.39
2025-04-13,132.22,133.98,125.26,128.32
2025-04-12,121.36,134.11,119.36,132.22
2025-04-11,112.73,122.66,112.07,121.36
2025-04-10,119.02,119.29,108.31,112.75
2025-04-09,105.36,121.29,101.16,119.04
2025-04-08,106.93,112.57,102.86,105.35
2025-04-07,105.81,113.05,95.16,106.94
2025-04-06,120.25,121.05,103.71,105.82
2025-04-05,122.74,122.81,115.81,120.25
2025-04-04,117.14,124.81,113.26,122.74
2025-04-03,117.41,120.94,112.22,117.12
2025-04-02,126.69,136.18,117.23,117.4
2025-04-01,124.51,130.44,123.74,126.69
2025-03-31,124.81,127.82,122.72,124.54
2025-03-30,124.54,127.02,122.99,124.8
2025-03-29,129.44,130.49,122.68,124.54
2025-03-28,138.39,139.02,127.67,129.44
2025-03-27,137.38,140.25,135.64,138.4
2025-03-26,143.68,145.55,135.9,137.38
2025-03-25,141.02,147.6,138.16,143.69
2025-03-24,132.85,145.2,132.06,141.0
2025-03-23,128.47,134.05,128.2,132.85
2025-03-22,128.42,131.8,127.76,128.47
2025-03-21,127.51,130.14,124.81,128.44
2025-03-20,135.38,136.18,126.6,127.5
2025-03-19,125.31,136.13,124.19,135.39
2025-03-18,128.03,128.21,121.69,125.29
2025-03-17,126.09,130.65,125.53,128.03
2025-03-16,135.88,136.71,125.17,126.1
2025-03-15,133.52,136.56,132.45,135.91
2025-03-14,123.33,136.09,122.92,133.55
2025-03-13,126.59,128.75,120.69,123.3
2025-03-12,125.32,131.62,121.2,126.6
2025-03-11,118.25,128.41,112.0,125.34
2025-03-10,126.48,131.52,115.4,118.24
2025-03-09,136.97,139.82,124.7,126.45
2025-03-08,139.31,141.0,135.22,136.95
2025-03-07,143.3,150.82,135.02,139.33
2025-03-06,146.29,152.9,142.42,143.29
2025-03-05,144.75,149.72,140.18,146.31
2025-03-04,142.05,146.92,130.66,144.78
2025-03-03,178.72,179.45,139.01,142.05
2025-03-02,143.63,180.0,139.98,178.72
2025-03-01,148.09,151.1,138.49,143.59
2025-02-28,137.55,148.61,125.36,148.09
2025-02-27,135.14,142.73,134.52,137.54
2025-02-26,144.17,144.99,130.43,135.12
2025-02-25,141.79,146.95,131.89,144.16
2025-02-24,167.95,169.65,137.77,141.79
2025-02-23,172.09,173.1,166.4,167.95
2025-02-22,168.82,174.67,167.98,172.08
2025-02-21,176.05,180.61,166.99,168.82
2025-02-20,168.93,176.7,167.64,176.05
2025-02-19,169.23,174.26,163.67,168.89
2025-02-18,177.52,179.07,160.78,169.2
2025-02-17,188.29,189.73,174.71,177.52
2025-02-16,194.53,196.25,186.01,188.29
2025-02-15,199.42,200.32,192.64,194.53
2025-02-14,194.29,205.37,194.17,199.43
2025-02-13,196.82,198.49,188.93,194.29
2025-02-12,197.94,198.58,188.42,196.8
2025-02-11,200.51,206.22,195.06,197.93
2025-02-10,200.51,209.2,195.95,200.53
2025-02-09,199.41,207.43,193.55,200.51
2025-02-08,192.04,200.97,189.76,199.41
2025-02-07,189.59,203.62,188.15,192.06
2025-02-06,196.13,204.0,187.5,189.57
2025-02-05,206.73,209.47,195.15,196.13
2025-02-04,216.48,220.14,202.08,206.7
2025-02-03,203.49,218.97,176.0,216.48
2025-02-02,212.94,218.82,192.7,203.45
2025-02-01,231.69,234.12,212.67,212.94
2025-01-31,238.3,241.82,228.08,231.71
2025-01-30,228.15,244.7,226.79,238.32
2025-01-29,226.91,238.44,222.57,228.16
2025-01-28,234.89,243.95,224.93,226.89
2025-01-27,240.36,242.54,220.82,234.87
2025-01-26,256.31,259.96,240.1,240.39
2025-01-25,253.35,260.76,246.25,256.36
2025-01-24,253.17,270.0,247.23,253.37
2025-01-23,257.26,258.42,241.98,253.12
2025-01-22,250.33,271.96,248.36,257.23
2025-01-21,241.7,260.24,230.0,250.32
2025-01-20,252.33,273.29,229.19,241.65
2025-01-19,261.9,295.0,237.12,252.34
2025-01-18,219.55,270.0,217.33,261.99
2025-01-17,211.13,222.0,209.82,219.56
2025-01-16,205.9,217.07,198.43,211.08
2025-01-15,187.49,206.06,185.76,205.9
2025-01-14,182.76,190.05,181.77,187.49
2025-01-13,188.4,191.85,169.22,182.75
2025-01-12,188.03,190.91,185.07,188.4
2025-01-11,187.62,191.79,184.0,188.03
2025-01-10,184.96,193.01,183.49,187.63
2025-01-09,197.43,199.0,182.01,184.96
2025-01-08,202.13,203.23,188.25,197.42
2025-01-07,218.33,219.23,201.75,202.13
2025-01-06,213.35,223.18,211.5,218.34
2025-01-05,216.64,219.0,211.47,213.35
2025-01-04,217.89,218.0,213.52,216.64
2025-01-03,208.1,219.69,205.43,217.93
2025-01-02,193.84,210.23,193.04,208.09
2025-01-01,188.82,194.99,187.6,193.84
2024-12-31,191.0,198.89,187.72,188.82
2024-12-30,189.6,196.22,185.54,191.01
2024-12-29,195.16,197.37,188.19,189.6
2024-12-28,183.94,195.71,183.55,195.15
2024-12-27,188.21,194.12,182.51,183.95
2024-12-26,197.33,199.59,186.42,188.24
2024-12-25,196.95,201.74,194.9,197.31
2024-12-24,189.88,198.93,185.86,196.95
2024-12-23,180.33,193.22,176.33,189.88
2024-12-22,181.36,187.73,176.71,180.35
2024-12-21,194.44,202.14,178.36,181.34
2024-12-20,193.66,199.53,175.01,194.43
2024-12-19,206.41,212.03,186.77,193.66
2024-12-18,223.2,226.0,204.77,206.39
2024-12-17,216.27,229.03,211.5,223.2
2024-12-16,224.2,227.39,213.11,216.27
2024-12-15,219.9,225.44,215.67,224.25
2024-12-14,224.8,227.48,215.15,219.88
2024-12-13,226.99,228.47,220.6,224.82
2024-12-12,227.42,234.79,225.61,227.0
2024-12-11,213.75,230.84,211.62,227.42
2024-12-10,216.71,221.09,203.27,213.75
2024-12-09,237.19,237.45,205.0,216.72
2024-12-08,238.35,241.72,233.32,237.19
2024-12-07,237.21,243.8,234.32,238.35
2024-12-06,236.13,247.1,231.11,237.21
2024-12-05,229.47,244.99,223.19,236.13
2024-12-04,234.13,240.99,224.69,229.49
2024-12-03,225.8,240.09,215.0,234.1
2024-12-02,236.92,238.5,220.03,225.79
2024-12-01,237.74,240.0,234.24,236.95
2024-11-30,243.43,245.43,237.61,237.74
2024-11-29,237.64,246.87,236.6,243.43
2024-11-28,242.24,245.49,232.89,237.65
2024-11-27,230.6,243.56,227.5,242.24
2024-11-26,234.14,239.91,221.57,230.6
2024-11-25,253.03,256.82,231.16,234.18
2024-11-24,255.11,260.0,241.2,253.03
2024-11-23,257.23,264.32,253.01,255.12
2024-11-22,256.65,264.63,251.75,257.23
2024-11-21,235.68,259.89,230.02,256.65
2024-11-20,237.99,242.72,230.66,235.68
2024-11-19,239.95,247.75,233.74,237.99
2024-11-18,237.5,248.52,234.03,239.94
2024-11-17,215.81,241.99,212.21,237.53
2024-11-16,218.51,221.95,213.4,215.81
2024-11-15,209.57,220.46,204.57,218.53
2024-11-14,215.45,222.83,206.75,209.58
2024-11-13,211.88,220.84,201.0,215.46
2024-11-12,222.41,225.37,205.0,211.87
2024-11-11,210.22,225.0,204.32,222.42
2024-11-10,200.0,215.62,198.78,210.22
2024-11-09,200.0,203.49,195.05,200.0
2024-11-08,196.45,205.2,195.79,199.99
2024-11-07,186.76,198.0,186.01,196.44
2024-11-06,166.63,190.07,166.42,186.76
2024-11-05,157.86,169.39,156.69,166.64
2024-11-04,162.43,164.92,155.01,157.86
2024-11-03,166.11,166.55,157.8,162.46
2024-11-02,166.0,168.55,162.01,166.12
2024-11-01,168.42,173.94,163.6,166.02
2024-10-31,174.82,176.46,167.31,168.43
2024-10-30,179.35,181.2,173.11,174.85
2024-10-29,178.17,183.3,176.25,179.39
2024-10-28,176.43,179.6,172.27,178.2
2024-10-27,170.66,178.0,170.01,176.44
2024-10-26,164.58,173.0,162.2,170.66
2024-10-25,177.07,177.5,159.05,164.6
2024-10-24,170.65,179.12,170.27,177.07
2024-10-23,167.48,174.0,164.04,170.65
2024-10-22,166.07,170.98,162.95,167.48
2024-10-21,167.34,171.62,161.31,166.13
2024-10-20,159.73,167.9,157.58,167.37
2024-10-19,154.92,159.75,153.6,159.71
2024-10-18,150.43,156.69,149.55,154.92
2024-10-17,154.25,155.69,147.63,150.44
2024-10-16,154.74,158.39,152.84,154.24
2024-10-15,157.53,159.5,150.33,154.72
2024-10-14,147.72,158.0,146.73,157.52
2024-10-13,146.37,148.81,144.41,147.69
2024-10-12,145.46,147.32,144.55,146.35
2024-10-11,138.95,146.5,138.58,145.46
2024-10-10,139.21,140.75,135.36,138.95
2024-10-09,143.41,145.28,138.54,139.21
2024-10-08,143.92999,145.50999,141.16,143.4
2024-10-07,146.44,152.25,143.48,143.95
2024-10-06,142.58,146.72,142.0,146.48
2024-10-05,143.16,144.88,141.03,142.64999
2024-10-04,136.75999,144.56,135.92,143.16
2024-10-03,140.22,142.91,133.34,136.81
2024-10-02,145.28999,148.89999,138.66,140.22
2024-10-01,152.53,157.27,142.25999,145.19
2024-09-30,158.5,159.72,151.83,152.60001
2024-09-29,156.74001,161.75999,155.14,158.55
2024-09-28,157.67,159.42999,155.11,156.74001
2024-09-27,155.53999,161.03999,154.02,157.67
2024-09-26,147.98,158.00999,146.57001,155.55
2024-09-25,152.67999,153.78999,147.28999,147.98
2024-09-24,144.78,153.89,143.11,152.67999
2024-09-23,144.67999,149.00999,142.17999,144.78
2024-09-22,149.45,149.88,141.17999,144.66
2024-09-21,146.67999,149.84,144.64999,149.5
2024-09-20,142.89,152.25,141.23,146.7
2024-09-19,134.3,143.95,134.3,142.89
2024-09-18,131.56,134.3,127.1,134.3
2024-09-17,131.39999,135.53,130.33,131.56
2024-09-16,131.36,132.37,128.96001,131.39999
2024-09-15,137.17,137.97,130.42,131.53999
2024-09-14,139.27,139.88,135.74001,137.17999
2024-09-13,136.03999,139.87,131.78999,139.27
2024-09-12,132.39,136.77,132.39,136.03999
2024-09-11,135.60001,135.88,128.2,132.44
2024-09-10,135.09,137.96001,132.56,135.59
2024-09-09,130.05,136.98,127.06,135.08
2024-09-08,127.75,131.62,126.65,130.05
2024-09-07,125.01,129.37,124.15,127.72
2024-09-06,129.42999,134.22,120.95,124.95
2024-09-05,133.62,135.21001,128.03,129.42999
2024-09-04,127.53,134.95,123.07,133.64
2024-09-03,134.95,137.25,127.21,127.25
2024-09-02,128.61,135.37,127.07,134.95
2024-09-01,135.35001,136.08,127.82,128.64999
2024-08-31,137.92999,139.2,134.53,135.35001
2024-08-30,140.07001,141.10001,132.27,137.98
2024-08-29,143.99001,147.37,138.21001,140.07001
2024-08-28,147.03,148.75,140.63,143.99001
2024-08-27,157.14999,159.7,145.03,147.03
2024-08-26,159.08,161.99001,155.67999,157.14999
2024-08-25,160.7,162.0,155.35001,158.97
2024-08-24,153.25999,162.33,152.07001,160.7
2024-08-23,143.23,153.94,142.78999,153.25999
2024-08-22,142.75,144.87,140.78,143.23
2024-08-21,142.27,144.41,138.89,142.74001
2024-08-20,144.27,148.77,141.03999,142.31
2024-08-19,142.48,146.03,140.42999,144.24001
2024-08-18,141.96001,147.03,140.69,142.5
2024-08-17,139.08,141.99001,137.67,141.96001
2024-08-16,142.53999,144.89999,136.14,139.11
2024-08-15,143.8,147.58,137.91,142.48
2024-08-14,146.7,152.07001,142.45,143.77
2024-08-13,146.41,149.88,143.03,146.72
2024-08-12,141.49001,150.78999,141.39999,146.41
2024-08-11,154.05,157.96001,141.21001,141.39999
2024-08-10,156.31,158.57001,152.78,154.03999
2024-08-09,163.03999,163.48,150.81,156.31
2024-08-08,144.35001,163.50999,141.53,163.06
2024-08-07,144.42999,155.05,142.44,144.35001
2024-08-06,129.83,149.49001,129.62,144.64
2024-08-05,138.25,139.24001,110.1,129.83
2024-08-04,142.42999,145.89,131.23,138.07001
2024-08-03,152.57001,153.78999,140.03999,142.42999
2024-08-02,167.37,169.24001,149.92999,152.7
2024-08-01,171.55,172.91,158.0,167.42
2024-07-31,179.06,184.35001,171.55,171.55
2024-07-30,182.78,184.49001,175.42999,179.06
2024-07-29,184.89999,193.87,181.73,182.52
2024-07-28,183.81,186.64,181.25,184.89
2024-07-27,183.03999,188.21001,178.17,183.81
2024-07-26,171.84,183.56,171.83,183.03999
2024-07-25,178.21001,179.60001,165.61,171.81
2024-07-24,173.03999,182.39999,171.0,177.82001
2024-07-23,179.02,180.60001,170.83,173.03
2024-07-22,184.42999,184.92,176.84,179.03999
2024-07-21,173.66,185.0,170.66,184.42999
2024-07-20,169.25,175.0,167.41,173.66
2024-07-19,159.2,171.35001,156.27,169.24001
2024-07-18,155.39,161.57001,155.25999,159.17
2024-07-17,160.63,163.69,154.71001,155.37
2024-07-16,159.74001,162.62,152.78999,160.63
2024-07-15,147.69,160.11,147.11,159.74001
2024-07-14,141.92,148.60001,141.92,147.61
2024-07-13,139.55,143.59,138.06,141.92
2024-07-12,135.73,140.63,134.08,139.55
2024-07-11,142.08,145.85001,135.73,135.77
2024-07-10,141.37,146.03,138.64,142.08
2024-07-09,139.86,144.06,136.50999,141.37
2024-07-08,131.53,141.78999,128.17,139.62
2024-07-07,143.02,143.28999,131.25999,131.53
2024-07-06,134.32001,144.14,132.36,143.02
2024-07-05,127.64,136.24001,121.17,134.34
2024-07-04,140.62,142.59,127.37,127.64
2024-07-03,153.71001,154.25,139.16,140.62
2024-07-02,146.53999,154.77,145.98,153.73
2024-07-01,146.37,149.0,145.72,146.53999
2024-06-30,140.0,147.28,137.0,146.37
2024-06-29,139.71001,142.83,139.55,140.0
2024-06-28,149.57001,150.32001,138.88,139.72
2024-06-27,136.71001,150.92,135.14999,149.57001
2024-06-26,136.53,140.35001,134.87,136.71001
2024-06-25,132.28999,139.85001,131.14,136.53
2024-06-24,128.53999,132.49001,122.22,132.28999
2024-06-23,133.64,135.03,128.10001,128.57001
2024-06-22,134.47,136.57001,133.03,133.64
2024-06-21,133.49001,135.33,128.64999,134.5
2024-06-20,135.63,141.28,131.88,133.49001
2024-06-19,137.33,141.75,134.50999,135.59
2024-06-18,143.17999,143.66,128.67999,137.27
2024-06-17,151.23,151.62,139.86,143.17
2024-06-16,145.44,151.23,142.97,151.23
2024-06-15,143.0,145.67999,142.84,145.41
2024-06-14,147.2,148.91,139.61,143.02
2024-06-13,155.21001,155.23,145.99001,147.37
2024-06-12,149.37,161.82001,145.47,155.17999
2024-06-11,158.99001,159.60001,145.5,149.37
2024-06-10,162.11,163.09,157.50999,159.0
2024-06-09,157.75,163.0,156.56,162.16
2024-06-08,162.48,163.72,157.37,157.82001
2024-06-07,169.95,172.66,154.0,162.48
2024-06-06,173.46001,174.38,167.69,169.99001
2024-06-05,171.8,175.61,171.14999,173.46001
2024-06-04,164.92,171.88,164.41,171.8
2024-06-03,163.03,167.02,161.58,164.92
2024-06-02,165.99001,166.94,161.31,163.07001
2024-06-01,165.48,167.75999,165.44,165.99001
2024-05-31,166.84,170.8,163.82001,165.44
2024-05-30,168.13,172.46001,163.53,166.84
2024-05-29,168.58,173.67,167.13,168.22
2024-05-28,170.02,173.06,164.89,168.57001
2024-05-27,163.24001,172.11,163.21001,170.02
2024-05-26,168.37,168.37,160.91,163.24001
2024-05-25,167.77,170.41,166.03,168.35001
2024-05-24,175.98,176.05,162.50999,167.77
2024-05-23,176.92,180.67999,166.84,175.98
2024-05-22,178.14999,183.24001,175.05,176.97
2024-05-21,186.59,188.81,174.47,178.14999
2024-05-20,169.95,188.21001,167.84,186.8
2024-05-19,172.50999,175.23,166.33,169.98
2024-05-18,169.48,175.95,168.73,172.50999
2024-05-17,159.33,171.97,159.23,169.48
2024-05-16,158.27,164.42,156.83,159.25999
2024-05-15,142.00999,158.84,141.32001,158.27
2024-05-14,147.38,148.99001,141.8,141.99001
2024-05-13,143.36,150.60001,137.94,147.33
2024-05-12,145.35001,147.62,142.61,143.36
2024-05-11,146.02,147.61,143.05,145.36
2024-05-10,152.64,155.50999,144.84,146.02
2024-05-09,142.17,153.25,140.58,152.8
2024-05-08,148.06,149.86,140.05,142.17999
2024-05-07,152.84,159.11,148.00999,148.06
2024-05-06,145.64999,156.56,145.48,152.84
2024-05-05,146.07001,147.94,143.27,145.64999
2024-05-04,143.77,149.10001,142.45,146.07001
2024-05-03,137.66,144.99001,136.03,143.7
2024-05-02,134.71001,140.83,128.16,137.67999
2024-05-01,126.61,135.75999,118.68,134.71001
2024-04-30,137.71001,139.71001,121.25,126.63
2024-04-29,137.94,138.88,133.52,137.67999
2024-04-28,141.25,144.5,137.12,137.94
2024-04-27,139.12,142.96001,133.31,141.25
2024-04-26,144.82001,145.98,138.75999,138.95
2024-04-25,147.64999,149.45,142.10001,144.82001
2024-04-24,154.69,159.75,145.61,147.67
2024-04-23,157.02,159.97,153.23,154.69
2024-04-22,148.77,158.41,146.84,157.02
2024-04-21,151.17,153.45,146.84,148.7
2024-04-20,142.53999,152.33,139.81,151.17
2024-04-19,142.14,147.5,128.60001,142.46001
2024-04-18,131.86,143.81,127.7,142.11
2024-04-17,136.25999,142.69,127.22,132.03
2024-04-16,138.5,140.39,126.66,136.32001
2024-04-15,151.47,156.14,133.88,138.5
2024-04-14,138.41,152.60001,130.81,151.47
2024-04-13,153.48,154.94,122.25,138.52
2024-04-12,172.46001,175.92999,146.0,153.48
2024-04-11,173.24001,176.28,170.12,172.46001
2024-04-10,172.28999,175.47,162.66,173.34
2024-04-09,180.64999,180.86,169.2,172.28999
2024-04-08,179.52,184.58,175.44,180.64999
2024-04-07,178.72,182.7,176.95,179.56
2024-04-06,174.42999,179.8,173.67999,178.72
2024-04-05,184.06,185.13,168.05,174.42999
2024-04-04,185.17,190.21001,180.31,184.06
2024-04-03,181.39999,191.7,177.09,185.06
2024-04-02,192.41,192.41,175.97,181.39999
2024-04-01,202.50999,204.16,187.13,192.39
2024-03-31,194.39,203.0,193.95,202.50999
2024-03-30,192.2,199.95,191.09,194.36
2024-03-29,189.64999,193.03999,183.55,192.21001
2024-03-28,186.12,190.89999,180.85001,189.64999
2024-03-27,190.50999,192.5,180.13,186.12
2024-03-26,189.02,196.48,186.42,190.5
2024-03-25,183.69,194.56,181.03,189.02
2024-03-24,172.75,186.63,171.49001,183.69
2024-03-23,174.74001,178.89999,170.50999,172.7
2024-03-22,179.37,181.89,167.75999,174.96001
2024-03-21,191.87,195.59,175.89999,179.48
2024-03-20,170.08,193.13,162.55,191.87
2024-03-19,195.49001,198.64999,166.12,170.11
2024-03-18,201.72,209.75999,193.92,195.62
2024-03-17,181.89999,204.0,178.72,201.83
2024-03-16,183.28999,197.77,177.07001,181.99001
2024-03-15,176.52,188.86,164.69,183.28999
2024-03-14,163.92,178.0,159.77,176.52
2024-03-13,151.12,166.71001,148.86,163.92
2024-03-12,148.83,155.0,141.75999,151.12
2024-03-11,144.53999,150.08,137.28,148.83
2024-03-10,144.53,148.71001,140.74001,144.53999
2024-03-09,145.11,149.42,144.10001,144.53
2024-03-08,144.07001,152.89999,142.23,144.99001
2024-03-07,130.92999,149.27,130.73,144.07001
2024-03-06,125.54,134.92,120.4,130.92999
2024-03-05,133.08,142.66,110.0,125.54
2024-03-04,130.3,134.92999,127.6,133.08
2024-03-03,130.12,132.17999,125.01,130.35001
2024-03-02,130.03999,131.69,127.47,130.12
2024-03-01,125.63,137.75999,125.51,130.03999
2024-02-29,118.8,134.56,117.5,125.63
2024-02-28,108.44,118.89,107.39,118.8
2024-02-27,109.9,112.32,105.4,108.44
2024-02-26,103.47,110.74,100.32,109.92
2024-02-25,104.02,104.4,102.07,103.51
2024-02-24,99.85,104.72,98.48,104.02
2024-02-23,101.84,103.06,98.86,99.85
2024-02-22,105.02,107.07,101.48,101.8
2024-02-21,108.3,108.36,100.25,105.02
2024-02-20,111.49,112.13,104.73,108.3
2024-02-19,112.22,114.82,111.0,111.49
2024-02-18,108.92,114.06,107.56,112.24
2024-02-17,110.4,111.15,105.95,108.92
2024-02-16,113.66,114.33,108.1,110.4
2024-02-15,117.12,118.43,111.66,113.71
2024-02-14,112.56,118.64,110.69,117.08
2024-02-13,111.83,114.98,108.41,112.53
2024-02-12,107.46,112.24,103.44,111.83
2024-02-11,109.04,110.69,107.33,107.46
2024-02-10,106.92,110.95,106.92,109.04
2024-02-09,102.8,108.9,102.77,106.96
2024-02-08,101.0,105.16,100.53,102.76
2024-02-07,96.85,101.46,94.58,101.0
2024-02-06,95.55,97.87,93.06,96.85
2024-02-05,95.45,98.59,94.15,95.54
2024-02-04,97.94,98.5,95.07,95.45
2024-02-03,100.52,101.2,96.67,97.94
2024-02-02,97.78,102.44,97.38,100.52
2024-02-01,96.95,98.0,93.11,97.78
2024-01-31,101.38,102.69,95.95,97.0
2024-01-30,101.62,106.3,100.98,101.38
2024-01-29,95.99,101.93,95.06,101.62
2024-01-28,94.21,99.39,93.5,95.99
2024-01-27,92.19,94.53,90.71,94.21
2024-01-26,86.76,93.65,86.0,92.19
2024-01-25,88.72,89.56,85.15,86.76
2024-01-24,84.25,89.36,83.29,88.73
2024-01-23,83.76,85.88,78.93,84.27
2024-01-22,90.92,91.83,82.07,83.73
2024-01-21,92.63,93.85,90.78,90.92
2024-01-20,93.56,94.14,90.26,92.63
2024-01-19,94.29,95.28,87.03,93.6
2024-01-18,102.03,103.28,91.52,94.28
2024-01-17,97.59,102.65,96.71,101.99
2024-01-16,94.39,98.69,94.13,97.64
2024-01-15,94.08,96.84,93.04,94.39
2024-01-14,95.79,104.55,93.66,93.82
2024-01-13,91.95,97.21,89.59,95.82
2024-01-12,99.87,100.41,87.82,91.95
2024-01-11,102.13,107.15,97.71,99.87
2024-01-10,99.37,105.5,92.21,102.0
2024-01-09,97.97,103.93,95.5,99.37
2024-01-08,89.42,99.97,85.63,97.97
2024-01-07,93.89,96.73,87.9,89.32
2024-01-06,99.98,100.32,91.86,93.77
2024-01-05,105.0,105.55,95.47,99.98
2024-01-04,98.56,108.13,97.01,105.0
2024-01-03,106.55,109.93,86.35,98.56
2024-01-02,109.62,116.98,106.06,106.55
2024-01-01,101.63,109.81,101.49,109.62
2023-12-31,101.74,105.14,99.58,101.63
2023-12-30,106.25,107.37,100.91,101.74
2023-12-29,101.9,109.86,99.64,106.15
2023-12-28,106.83,109.66,97.19,101.9
2023-12-27,112.3,115.09,105.14,106.91
2023-12-26,120.68,121.36,102.35,112.3
2023-12-25,112.7,125.74,108.18,120.68
2023-12-24,107.98,117.78,107.44,112.51
2023-12-23,98.02,109.8,92.94,107.98
2023-12-22,93.86,99.4,90.46,98.08
2023-12-21,82.03,95.6,81.1,93.86
2023-12-20,72.98,84.04,72.93,82.03
2023-12-19,74.39,76.32,71.77,73.03
2023-12-18,70.69,75.42,67.06,74.41
2023-12-17,73.71,74.82,70.53,70.65
2023-12-16,72.55,77.16,71.24,73.75
2023-12-15,75.71,79.43,72.18,72.49
2023-12-14,70.62,76.21,69.68,75.65
2023-12-13,68.48,72.46,63.83,70.63
2023-12-12,70.24,72.38,65.89,68.48
2023-12-11,74.75,74.95,66.0,70.24
2023-12-10,72.28,74.87,70.68,74.75
2023-12-09,74.92,77.57,71.66,72.27
2023-12-08,67.79,75.25,67.79,74.92
2023-12-07,61.96,69.39,61.68,67.79
2023-12-06,60.92,66.6,60.92,61.96
2023-12-05,61.55,62.54,59.13,60.92
2023-12-04,63.01,65.25,60.04,61.56
2023-12-03,63.85,65.52,62.3,62.99
2023-12-02,59.78,63.91,59.69,63.85
2023-12-01,59.24,61.92,58.63,59.78
2023-11-30,59.3,61.7,58.85,59.24
2023-11-29,58.2,61.76,57.74,59.31
2023-11-28,55.07,58.69,53.95,58.2
2023-11-27,57.61,58.07,53.56,55.09
2023-11-26,58.83,59.06,56.26,57.61
2023-11-25,56.87,59.79,56.0,58.84
2023-11-24,56.44,58.72,56.21,56.87
2023-11-23,57.52,59.53,56.16,56.42
2023-11-22,51.86,58.87,51.56,57.53
2023-11-21,56.55,57.4,51.32,51.89
2023-11-20,61.11,61.23,56.24,56.55
2023-11-19,58.56,62.05,56.68,61.23
2023-11-18,58.53,59.37,54.89,58.56
2023-11-17,57.8,60.45,54.19,58.53
2023-11-16,65.48,68.11,56.4,57.89
2023-11-15,56.82,67.1,56.25,65.61
2023-11-14,51.67,57.99,51.51,56.82
2023-11-13,56.35,59.81,51.58,51.67
2023-11-12,56.28,61.86,54.58,56.35
2023-11-11,56.7,63.85,53.69,56.28
2023-11-10,45.35,57.47,45.1,56.7
2023-11-09,43.17,48.83,42.55,45.35
2023-11-08,42.96,43.88,42.28,43.17
2023-11-07,42.17,44.55,40.18,42.96
2023-11-06,41.2,42.2,39.7,42.13
2023-11-05,42.45,42.85,40.32,41.19
2023-11-04,39.46,42.7,39.04,42.45
2023-11-03,40.23,40.25,38.08,39.47
2023-11-02,41.13,44.54,38.73,40.18
2023-11-01,38.43,46.57,37.95,41.16
2023-10-31,34.95,38.55,34.86,38.43
2023-10-30,32.83,35.27,32.5,34.95
2023-10-29,31.64,33.15,31.32,32.83
2023-10-28,31.74,32.5,31.43,31.64
2023-10-27,32.79,33.29,31.44,31.74
2023-10-26,32.42,33.25,30.74,32.78
2023-10-25,30.17,33.8,30.0,32.42
2023-10-24,31.93,32.57,29.56,30.16
2023-10-23,29.04,32.66,28.77,31.93
2023-10-22,29.35,30.0,28.14,29.06
2023-10-21,27.02,30.19,26.68,29.35
2023-10-20,24.95,27.38,24.74,27.02
2023-10-19,23.42,25.49,23.2,24.95
2023-10-18,23.95,24.36,23.38,23.42
2023-10-17,23.97,24.52,23.53,23.94
2023-10-16,21.93,24.69,21.9,23.96
2023-10-15,22.0,22.17,21.67,21.93
2023-10-14,21.83,22.22,21.8,22.0
2023-10-13,21.29,22.2,21.12,21.84
2023-10-12,22.0,22.04,20.98,21.29
2023-10-11,22.09,22.4,21.62,22.0
2023-10-10,22.1,22.45,21.71,22.09
2023-10-09,23.24,23.38,21.73,22.1
2023-10-08,23.31,23.63,23.11,23.25
2023-10-07,23.42,24.11,23.1,23.32
2023-10-06,22.67,23.74,22.67,23.42
2023-10-05,23.14,23.74,22.6,22.67
2023-10-04,23.6,23.81,22.61,23.14
2023-10-03,23.36,24.68,23.26,23.6
2023-10-02,23.85,24.72,22.92,23.36
2023-10-01,21.38,24.47,21.13,23.85
2023-09-30,20.28,21.79,20.1,21.38
2023-09-29,19.96,20.44,19.86,20.27
2023-09-28,19.12,19.99,19.09,19.96
2023-09-27,19.01,19.46,18.74,19.12
2023-09-26,19.39,19.52,18.9,19.01
2023-09-25,19.37,19.72,19.09,19.39
2023-09-24,19.48,19.67,19.22,19.37
2023-09-23,19.42,19.58,19.28,19.48
2023-09-22,19.47,19.79,19.18,19.42
2023-09-21,20.3,20.3,19.29,19.46
2023-09-20,20.03,20.5,19.81,20.3
2023-09-19,19.65,20.37,19.58,20.02
2023-09-18,18.82,20.13,18.62,19.64
2023-09-17,19.12,19.14,18.69,18.83
2023-09-16,19.15,19.45,18.88,19.13
2023-09-15,18.86,19.44,18.56,19.14
2023-09-14,18.39,19.3,18.39,18.85
2023-09-13,17.92,18.53,17.7,18.39
2023-09-12,17.73,18.7,17.56,17.92
2023-09-11,18.23,18.45,17.38,17.72
2023-09-10,19.44,19.44,17.83,18.23
2023-09-09,19.61,19.61,19.37,19.44
2023-09-08,19.92,20.27,19.37,19.6
2023-09-07,19.64,19.99,19.32,19.92
2023-09-06,20.25,20.37,19.15,19.64
2023-09-05,19.5,20.58,19.03,20.25
2023-09-04,19.58,19.99,19.21,19.5
2023-09-03,19.5,19.66,19.24,19.58
2023-09-02,19.33,19.68,19.13,19.5
2023-09-01,19.73,19.93,19.03,19.33
2023-08-31,20.82,21.01,19.46,19.72
2023-08-30,21.8,21.99,20.6,20.83
2023-08-29,20.56,21.99,20.11,21.8
2023-08-28,20.79,20.79,20.07,20.56
2023-08-27,20.28,20.9,20.24,20.79
2023-08-26,20.42,20.43,20.18,20.28
2023-08-25,21.05,21.05,20.08,20.42
2023-08-24,21.73,22.01,20.69,21.05
2023-08-23,20.56,21.8,20.43,21.73
2023-08-22,21.2,21.27,19.5,20.56
2023-08-21,21.77,21.78,20.39,21.2
2023-08-20,21.9,22.03,21.58,21.76
2023-08-19,21.34,22.15,21.29,21.9
2023-08-18,21.69,22.18,20.96,21.33
2023-08-17,22.8,23.4,20.51,21.69
2023-08-16,23.92,24.0,22.4,22.8
2023-08-15,25.18,25.28,23.72,23.92
2023-08-14,24.23,25.29,24.05,25.18
2023-08-13,24.91,24.95,24.19,24.23
2023-08-12,24.6,25.19,24.38,24.91
2023-08-11,24.58,24.9,24.33,24.6
2023-08-10,24.36,24.86,24.11,24.58
2023-08-09,24.21,25.0,24.09,24.36
2023-08-08,23.1,24.76,23.0,24.21
2023-08-07,23.18,23.57,22.4,23.1
2023-08-06,22.64,23.44,22.56,23.18
2023-08-05,22.78,22.91,22.27,22.64
2023-08-04,22.64,23.55,22.5,22.78
2023-08-03,23.14,23.38,22.5,22.64
2023-08-02,24.01,24.25,22.91,23.14
2023-08-01,23.72,24.04,22.86,24.01
2023-07-31,24.26,24.78,23.6,23.72
2023-07-30,25.16,25.21,23.61,24.25
2023-07-29,24.82,25.38,24.74,25.16
2023-07-28,25.1,25.53,24.53,24.82
2023-07-27,25.19,25.65,24.67,25.1
2023-07-26,23.27,25.6,23.19,25.19
2023-07-25,23.37,23.57,22.79,23.27
2023-07-24,24.76,24.83,22.98,23.37
2023-07-23,24.53,25.25,24.21,24.76
2023-07-22,25.5,25.96,24.24,24.53
2023-07-21,25.37,26.01,25.08,25.52
2023-07-20,26.31,27.35,25.12,25.37
2023-07-19,25.57,26.98,25.37,26.31
2023-07-18,26.82,27.09,24.75,25.57
2023-07-17,27.42,28.47,25.73,26.82
2023-07-16,27.47,28.58,26.62,27.42
2023-07-15,26.7,29.09,26.53,27.43
2023-07-14,26.05,30.49,25.26,26.72
2023-07-13,21.95,26.71,21.45,26.07
2023-07-12,22.07,22.72,21.76,21.95
2023-07-11,21.33,22.33,21.22,22.07
2023-07-10,21.35,21.79,20.52,21.33
2023-07-09,21.81,22.35,21.02,21.35
2023-07-08,21.52,22.44,21.32,21.84
2023-07-07,19.6,21.69,19.29,21.51
2023-07-06,19.0,20.94,18.86,19.73
2023-07-05,19.15,19.4,18.46,18.99
2023-07-04,19.27,19.92,19.08,19.15
2023-07-03,19.47,19.64,18.88,19.25
2023-07-02,18.71,19.72,18.55,19.47
2023-07-01,18.85,19.0,17.91,18.71
2023-06-30,17.99,19.98,17.3,18.85
2023-06-29,15.96,18.25,15.87,17.99
2023-06-28,16.63,16.65,15.72,15.96
2023-06-27,16.27,16.94,16.14,16.63
2023-06-26,16.97,17.12,15.97,16.27
2023-06-25,16.66,17.38,16.58,16.98
2023-06-24,17.15,17.54,16.4,16.65
2023-06-23,16.65,17.55,16.21,17.15
2023-06-22,17.23,17.75,16.59,16.64
2023-06-21,16.64,17.41,16.57,17.23
2023-06-20,16.11,16.69,15.73,16.64
2023-06-19,15.44,16.13,15.36,16.11
2023-06-18,15.64,15.83,15.29,15.44
2023-06-17,15.32,16.11,15.17,15.64
2023-06-16,14.77,15.45,14.42,15.32
2023-06-15,14.49,15.04,14.17,14.77
2023-06-14,15.02,15.36,14.14,14.48
2023-06-13,15.19,15.99,14.78,15.02
2023-06-12,15.55,15.64,14.75,15.2
2023-06-11,15.63,16.15,15.13,15.56
2023-06-10,17.39,17.41,13.21,15.63
2023-06-09,18.9,19.36,17.11,17.39
2023-06-08,18.64,19.11,18.25,18.89
2023-06-07,20.39,20.52,18.52,18.62
2023-06-06,20.0,20.7,19.25,20.39
2023-06-05,21.83,22.06,19.31,20.03
2023-06-04,21.21,22.32,21.05,21.83
2023-06-03,21.26,21.36,21.0,21.19
2023-06-02,20.52,21.38,20.34,21.27
2023-06-01,20.83,20.99,20.43,20.52
2023-05-31,21.26,21.34,20.43,20.83
2023-05-30,20.58,21.41,20.48,21.26
2023-05-29,20.8,20.99,20.27,20.59
2023-05-28,20.43,21.19,20.31,20.8
2023-05-27,19.37,20.52,19.33,20.43
2023-05-26,19.25,19.56,19.1,19.36
2023-05-25,19.22,19.54,18.82,19.25
2023-05-24,20.03,20.07,18.72,19.22
2023-05-23,19.53,20.18,19.43,20.03
2023-05-22,19.62,20.02,19.37,19.53
2023-05-21,20.29,20.39,19.46,19.62
2023-05-20,20.35,20.36,20.11,20.29
2023-05-19,20.34,20.58,20.26,20.35
2023-05-18,21.04,21.09,20.12,20.35
2023-05-17,20.68,21.19,20.44,21.04
2023-05-16,20.98,21.14,20.45,20.68
2023-05-15,20.96,21.52,20.62,20.99
2023-05-14,20.84,21.27,20.64,20.96
2023-05-13,20.92,21.29,20.8,20.84
2023-05-12,20.2,20.96,19.82,20.92
2023-05-11,20.95,20.95,19.8,20.2
2023-05-10,20.68,21.32,19.96,20.95
2023-05-09,20.64,21.02,20.42,20.68
2023-05-08,21.68,21.84,20.01,20.64
2023-05-07,21.95,22.78,21.67,21.68
2023-05-06,22.84,23.28,21.62,21.95
2023-05-05,21.74,23.05,21.64,22.84
2023-05-04,22.22,22.5,21.63,21.74
2023-05-03,22.25,22.29,21.26,22.22
2023-05-02,21.99,22.39,21.76,22.25
2023-05-01,22.77,22.88,21.58,21.99
2023-04-30,23.21,23.93,22.77,22.77
2023-04-29,23.37,23.81,22.95,23.21
2023-04-28,22.34,23.5,22.2,23.37
2023-04-27,21.3,22.51,21.18,22.34
2023-04-26,21.92,22.96,20.49,21.3
2023-04-25,21.38,21.97,20.74,21.92
2023-04-24,21.47,21.99,21.06,21.38
2023-04-23,21.81,22.26,21.02,21.47
2023-04-22,21.26,21.99,21.06,21.81
2023-04-21,22.19,22.4,21.06,21.26
2023-04-20,22.7,23.14,21.57,22.19
2023-04-19,24.83,24.99,22.14,22.69
2023-04-18,24.6,25.45,24.04,24.83
2023-04-17,25.38,25.97,24.36,24.6
2023-04-16,24.08,25.49,23.85,25.38
2023-04-15,24.73,24.8,23.84,24.08
2023-04-14,24.46,25.49,23.77,24.73
2023-04-13,23.81,25.22,23.67,24.46
2023-04-12,23.01,24.43,22.35,23.81
2023-04-11,20.91,23.71,20.84,23.01
2023-04-10,20.3,20.97,20.09,20.91
2023-04-09,20.05,20.45,19.9,20.3
2023-04-08,20.46,20.74,19.87,20.05
2023-04-07,20.63,20.78,20.24,20.46
2023-04-06,20.97,20.98,20.47,20.63
2023-04-05,20.93,21.34,20.61,20.97
2023-04-04,20.46,21.26,20.31,20.93
2023-04-03,20.52,20.99,19.98,20.46
2023-04-02,21.08,21.31,20.28,20.54
2023-04-01,21.18,21.33,20.78,21.08
2023-03-31,20.54,21.47,20.13,21.18
2023-03-30,21.11,21.64,20.16,20.54
2023-03-29,20.46,21.55,20.43,21.11
2023-03-28,19.93,20.82,19.63,20.46
2023-03-27,20.97,21.0,19.37,19.9
2023-03-26,20.44,21.14,20.31,20.98
2023-03-25,20.68,20.99,20.14,20.44
2023-03-24,22.21,22.3,20.31,20.69
2023-03-23,21.46,22.77,21.2,22.21
2023-03-22,22.62,23.13,21.03,21.49
2023-03-21,22.21,23.37,21.62,22.62
2023-03-20,21.89,23.97,21.49,22.21
2023-03-19,21.26,22.48,21.25,21.89
2023-03-18,21.66,22.93,21.12,21.26
2023-03-17,19.73,21.72,19.47,21.66
2023-03-16,19.33,19.94,18.98,19.73
2023-03-15,20.96,21.55,18.8,19.32
2023-03-14,20.48,22.21,19.86,20.96
2023-03-13,20.3,21.49,18.9,20.45
2023-03-12,18.22,20.59,17.87,20.3
2023-03-11,18.25,19.05,17.07,18.22
2023-03-10,17.32,18.41,16.04,18.25
2023-03-09,18.4,18.77,16.73,17.32
2023-03-08,20.23,20.38,18.12,18.41
2023-03-07,20.61,20.95,19.72,20.23
2023-03-06,20.97,21.14,20.49,20.61
2023-03-05,20.99,21.68,20.85,20.98
2023-03-04,21.42,21.59,20.32,20.98
2023-03-03,21.99,22.01,20.38,21.43
2023-03-02,22.52,22.66,21.68,21.99
2023-03-01,21.88,22.88,21.66,22.52
2023-02-28,22.67,22.74,21.77,21.85
2023-02-27,23.28,23.41,22.33,22.67
2023-02-26,22.41,23.54,22.23,23.29
2023-02-25,23.08,23.34,21.48,22.39
2023-02-24,23.92,24.15,22.51,23.08
2023-02-23,24.17,24.71,23.61,23.91
2023-02-22,24.98,25.21,23.25,24.17
2023-02-21,26.26,26.58,24.51,24.98
2023-02-20,24.89,27.04,24.18,26.26
2023-02-19,23.47,25.6,23.22,24.9
2023-02-18,23.17,23.92,22.94,23.46
2023-02-17,22.26,23.55,22.07,23.17
2023-02-16,23.88,24.17,22.22,22.26
2023-02-15,21.84,23.96,21.46,23.88
2023-02-14,20.79,22.36,20.69,21.85
2023-02-13,21.5,21.6,19.78,20.8
2023-02-12,20.82,22.46,20.63,21.51
2023-02-11,20.13,20.93,20.11,20.82
2023-02-10,20.48,21.22,19.73,20.13
2023-02-09,23.23,23.35,20.02,20.48
2023-02-08,23.84,24.19,22.8,23.21
2023-02-07,22.68,23.96,22.56,23.84
2023-02-06,23.48,23.73,22.52,22.66
2023-02-05,24.35,24.46,23.04,23.48
2023-02-04,24.67,24.94,24.23,24.35
2023-02-03,24.24,25.11,24.05,24.67
2023-02-02,25.0,26.13,24.05,24.26
2023-02-01,23.92,25.19,22.52,24.99
2023-01-31,23.98,24.44,23.5,23.93
2023-01-30,26.09,26.32,23.36,23.98
2023-01-29,24.01,26.77,23.74,26.09
2023-01-28,24.43,25.15,23.74,24.03
2023-01-27,24.37,24.94,23.4,24.43
2023-01-26,24.51,25.19,23.89,24.37
2023-01-25,22.76,25.41,22.32,24.51
2023-01-24,24.31,25.19,22.36,22.76
2023-01-23,24.24,24.89,23.87,24.32
2023-01-22,24.55,25.42,23.66,24.24
2023-01-21,25.55,26.41,24.54,24.55
2023-01-20,21.42,25.74,20.96,25.55
2023-01-19,20.89,21.85,20.44,21.42
2023-01-18,22.87,23.61,20.42,20.89
2023-01-17,23.59,23.93,22.72,22.87
2023-01-16,22.89,24.85,22.37,23.59
2023-01-15,24.22,24.84,22.03,22.91
2023-01-14,18.3,24.68,18.22,24.22
2023-01-13,16.6,18.59,16.33,18.3
2023-01-12,16.34,16.97,15.63,16.6
2023-01-11,16.2,16.55,15.33,16.37
2023-01-10,16.26,16.72,15.58,16.2
2023-01-09,14.44,17.44,14.31,16.26
2023-01-08,13.1,14.58,12.86,14.44
2023-01-07,13.51,13.52,13.02,13.1
2023-01-06,13.43,13.57,12.74,13.52
2023-01-05,13.43,13.85,12.95,13.42
2023-01-04,13.37,14.17,12.83,13.43
2023-01-03,11.28,13.64,11.0,13.39
2023-01-02,9.99,11.95,9.81,11.29
2023-01-01,9.95,10.08,9.7,10.0
2022-12-31,9.91,10.17,9.66,9.95
2022-12-30,9.67,10.15,9.04,9.9
2022-12-29,9.76,10.75,8.01,9.67
2022-12-28,11.09,11.12,9.44,9.76
2022-12-27,11.35,11.44,10.72,11.09
2022-12-26,11.38,11.49,11.07,11.35
2022-12-25,11.45,11.55,11.25,11.38
2022-12-24,11.78,11.79,11.16,11.45
2022-12-23,11.81,12.11,11.72,11.77
2022-12-22,12.14,12.19,11.67,11.8
2022-12-21,12.27,12.28,11.9,12.14
2022-12-20,11.94,12.48,11.84,12.26
2022-12-19,12.37,12.59,11.69,11.94
2022-12-18,12.51,12.61,12.28,12.37
2022-12-17,12.27,12.55,11.93,12.5
2022-12-16,14.05,14.17,12.01,12.26
2022-12-15,14.13,14.52,13.87,14.04
2022-12-14,13.89,14.93,13.8,14.13
2022-12-13,13.32,14.12,12.78,13.87
2022-12-12,13.42,13.48,12.85,13.33
2022-12-11,13.57,13.8,13.39,13.42
2022-12-10,13.58,13.71,13.54,13.58
2022-12-09,13.69,14.02,13.51,13.58
2022-12-08,13.5,13.77,13.27,13.69
2022-12-07,14.3,14.33,13.47,13.5
2022-12-06,13.84,14.38,13.81,14.3
2022-12-05,13.7,14.16,13.6,13.81
2022-12-04,13.3,13.75,13.28,13.71
2022-12-03,13.72,13.76,13.22,13.3
2022-12-02,13.51,13.79,13.33,13.73
2022-12-01,14.15,14.19,13.4,13.51
2022-11-30,13.35,14.32,13.27,14.18
2022-11-29,13.33,13.93,13.15,13.35
2022-11-28,14.09,14.16,12.78,13.33
2022-11-27,14.17,14.44,14.05,14.11
2022-11-26,14.01,14.92,13.96,14.16
2022-11-25,14.58,14.59,13.9,14.02
2022-11-24,14.35,14.91,13.86,14.59
2022-11-23,12.41,14.45,12.39,14.35
2022-11-22,11.83,12.5,10.96,12.41
2022-11-21,12.23,12.27,11.29,11.83
2022-11-20,12.82,13.5,12.12,12.26
2022-11-19,12.64,12.95,12.61,12.81
2022-11-18,13.67,13.72,12.98,13.18
2022-11-17,14.47,14.48,12.95,13.71
2022-11-16,14.29,14.58,13.64,14.18
2022-11-15,13.96,15.07,13.81,14.29
2022-11-14,13.15,14.97,12.22,13.96
2022-11-13,14.53,14.69,13.01,13.15
2022-11-12,16.36,16.36,14.46,14.53
2022-11-11,17.6,18.25,15.15,16.36
2022-11-10,13.94,19.0,12.98,17.59
2022-11-09,24.3,24.33,12.33,13.94
2022-11-08,29.63,31.65,22.73,24.23
2022-11-07,32.68,33.12,28.24,29.57
2022-11-06,36.83,37.05,32.35,32.62
2022-11-05,33.74,38.7,33.68,36.75
2022-11-04,30.86,34.21,30.66,33.73
2022-11-03,30.81,32.23,30.61,30.86
2022-11-02,32.21,32.93,30.24,30.82
2022-11-01,32.57,33.39,32.15,32.21
2022-10-31,32.92,34.37,32.21,32.59
2022-10-30,32.87,33.54,31.96,32.94
2022-10-29,32.05,33.84,31.87,32.88
2022-10-28,30.61,32.51,30.13,32.06
2022-10-27,31.29,32.32,30.5,30.61
2022-10-26,30.9,32.16,30.65,31.31
2022-10-25,28.31,32.36,28.06,30.89
2022-10-24,29.3,29.48,28.17,28.31
2022-10-23,28.02,29.42,27.82,29.31
2022-10-22,28.11,28.18,27.5,28.03
2022-10-21,28.01,28.29,26.85,28.11
2022-10-20,28.87,29.47,27.99,28.03
2022-10-19,30.15,30.26,28.7,28.87
2022-10-18,31.22,31.48,29.79,30.14
2022-10-17,30.16,31.29,29.83,31.22
2022-10-16,29.59,30.52,29.57,30.16
2022-10-15,30.0,30.21,29.46,29.6
2022-10-14,30.52,31.98,29.63,30.01
2022-10-13,31.15,31.2,27.94,30.52
2022-10-12,30.8,31.53,30.67,31.15
2022-10-11,31.95,31.96,30.45,30.81
2022-10-10,32.92,33.44,31.92,31.94
2022-10-09,32.58,33.14,32.45,32.93
2022-10-08,32.97,33.07,32.37,32.59
2022-10-07,33.35,33.78,32.44,32.98
2022-10-06,34.03,34.5,33.25,33.35
2022-10-05,34.1,34.37,33.21,34.04
2022-10-04,32.89,34.42,32.84,34.12
2022-10-03,32.07,33.27,31.81,32.9
2022-10-02,32.43,33.03,31.92,32.07
2022-10-01,33.25,33.26,32.41,32.43
2022-09-30,33.94,35.2,32.62,33.25
2022-09-29,33.22,34.41,32.65,33.94
2022-09-28,32.69,33.8,31.65,33.22
2022-09-27,33.89,35.4,32.08,32.69
2022-09-26,32.31,33.97,31.87,33.88
2022-09-25,33.39,34.03,31.89,32.32
2022-09-24,33.66,34.74,33.19,33.43
2022-09-23,32.41,33.96,31.22,33.68
2022-09-22,30.75,32.85,30.6,32.41
2022-09-21,31.42,33.42,30.06,30.75
2022-09-20,32.63,32.88,31.3,31.42
2022-09-19,31.1,33.04,30.52,32.63
2022-09-18,33.68,33.98,30.87,31.1
2022-09-17,32.22,33.89,32.22,33.71
2022-09-16,33.08,33.25,31.53,32.25
2022-09-15,34.12,34.8,32.51,33.08
2022-09-14,33.01,34.34,32.72,34.12
2022-09-13,37.46,38.96,32.97,33.01
2022-09-12,35.02,38.34,34.43,37.46
2022-09-11,35.06,35.96,34.08,34.99
2022-09-10,34.69,35.43,34.28,35.06
2022-09-09,33.61,35.91,33.6,34.71
2022-09-08,32.67,33.97,32.03,33.61
2022-09-07,30.87,32.93,30.38,32.69
2022-09-06,32.18,33.85,30.46,30.85
2022-09-05,32.13,32.52,31.16,32.18
2022-09-04,31.13,32.19,31.03,32.13
2022-09-03,31.26,31.28,30.81,31.12
2022-09-02,31.6,32.39,30.77,31.27
2022-09-01,31.5,31.78,30.47,31.61
2022-08-31,31.43,32.95,31.19,31.49
2022-08-30,32.41,33.11,30.65,31.46
2022-08-29,30.45,32.65,30.03,32.42
2022-08-28,31.53,32.2,30.2,30.35
2022-08-27,31.75,32.25,30.89,31.54
2022-08-26,35.27,35.77,31.4,31.75
2022-08-25,34.88,36.48,34.87,35.29
2022-08-24,35.65,36.4,34.31,34.89
2022-08-23,35.45,36.1,34.25,35.64
2022-08-22,36.47,36.53,33.8,35.45
2022-08-21,35.28,37.03,34.57,36.47
2022-08-20,35.93,37.27,34.23,35.28
2022-08-19,39.52,39.56,35.35,35.85
2022-08-18,40.55,41.68,39.38,39.52
2022-08-17,43.12,44.74,40.18,40.55
2022-08-16,43.69,44.31,42.58,43.15
2022-08-15,44.89,47.25,42.79,43.69
2022-08-14,46.59,48.06,44.51,44.87
2022-08-13,45.48,48.33,45.31,46.58
2022-08-12,42.78,45.49,42.21,45.46
2022-08-11,42.49,45.3,42.37,42.8
2022-08-10,40.36,42.76,39.16,42.49
2022-08-09,42.24,42.74,39.81,40.36
2022-08-08,40.61,43.7,40.57,42.23
2022-08-07,40.05,41.54,39.23,40.58
2022-08-06,40.58,40.92,39.89,40.09
2022-08-05,38.79,41.34,38.74,40.6
2022-08-04,38.58,39.83,37.99,38.79
2022-08-03,39.74,40.93,37.53,38.56
2022-08-02,41.77,42.43,39.57,39.74
2022-08-01,42.43,43.25,40.62,41.79
2022-07-31,43.83,45.2,42.26,42.43
2022-07-30,41.93,46.61,41.48,43.84
2022-07-29,43.0,44.37,41.21,41.93
2022-07-28,40.28,44.19,39.06,43.0
2022-07-27,36.29,40.54,35.69,40.28
2022-07-26,36.63,36.8,34.7,36.29
2022-07-25,40.98,41.11,36.6,36.63
2022-07-24,39.99,42.09,39.47,40.98
2022-07-23,40.51,41.89,38.62,40.01
2022-07-22,43.15,44.32,40.05,40.52
2022-07-21,42.07,44.03,39.69,43.15
2022-07-20,44.91,46.28,41.32,42.04
2022-07-19,43.66,47.26,42.56,44.91
2022-07-18,38.55,44.02,38.55,43.58
2022-07-17,39.61,41.03,38.32,38.55
2022-07-16,37.36,40.37,36.37,39.6
2022-07-15,37.1,39.08,36.56,37.36
2022-07-14,34.95,37.26,33.58,37.1
2022-07-13,32.66,35.02,31.86,34.95
2022-07-12,33.43,34.56,32.57,32.67
2022-07-11,36.69,36.69,33.25,33.43
2022-07-10,38.07,38.1,36.3,36.69
2022-07-09,38.12,38.86,37.78,38.07
2022-07-08,38.47,39.54,36.43,38.16
2022-07-07,37.03,39.28,36.41,38.47
2022-07-06,35.43,37.57,34.81,37.03
2022-07-05,36.67,36.91,33.16,35.39
2022-07-04,33.36,36.89,32.45,36.7
2022-07-03,33.32,33.61,32.14,33.36
2022-07-02,32.81,33.99,31.87,33.32
2022-07-01,33.73,35.3,31.81,32.82
2022-06-30,33.99,34.12,30.93,33.71
2022-06-29,35.3,36.02,33.09,34.01
2022-06-28,38.5,39.85,35.1,35.32
2022-06-27,39.36,41.16,37.91,38.43
2022-06-26,42.24,42.46,39.22,39.39
2022-06-25,41.86,42.57,39.73,42.26
2022-06-24,38.15,42.86,37.68,41.86
2022-06-23,34.07,38.46,33.91,38.15
2022-06-22,36.36,36.82,33.63,34.04
2022-06-21,35.21,39.0,34.18,36.16
2022-06-20,34.23,36.8,31.69,35.28
2022-06-19,31.98,35.24,28.67,34.24
2022-06-18,30.67,31.95,27.13,31.94
2022-06-17,30.0,32.08,29.25,30.63
2022-06-16,34.7,35.96,29.53,30.07
2022-06-15,29.56,34.79,26.77,34.63
2022-06-14,28.57,32.13,25.88,29.66
2022-06-13,30.57,31.04,26.04,28.36
2022-06-12,33.85,34.24,30.54,30.62
2022-06-11,37.11,37.88,33.18,33.85
2022-06-10,39.93,40.85,36.84,37.11
2022-06-09,38.82,41.88,38.44,39.92
2022-06-08,39.31,40.83,38.28,38.78
2022-06-07,42.4,42.45,37.48,39.31
2022-06-06,38.53,44.59,38.31,42.35
2022-06-05,38.96,40.11,37.81,38.45
2022-06-04,38.24,39.31,35.78,38.94
2022-06-03,40.85,41.5,37.67,38.24
2022-06-02,40.11,41.54,38.14,40.85
2022-06-01,45.61,46.08,39.79,40.1
2022-05-31,47.18,48.17,44.55,45.71
2022-05-30,44.91,48.27,44.22,47.21
2022-05-29,44.26,45.54,41.8,44.92
2022-05-28,41.04,44.97,40.27,44.27
2022-05-27,43.33,43.91,40.0,41.05
2022-05-26,47.92,48.59,41.7,43.39
2022-05-25,49.62,50.46,47.57,47.89
2022-05-24,49.06,50.78,47.14,49.62
2022-05-23,52.46,54.61,48.65,49.06
2022-05-22,50.26,53.09,49.63,52.49
2022-05-21,49.38,51.16,48.55,50.26
2022-05-20,52.11,53.56,47.81,49.38
2022-05-19,49.93,53.96,48.28,52.11
2022-05-18,57.05,57.79,49.47,49.79
2022-05-17,53.69,58.14,53.09,57.02
2022-05-16,58.68,58.82,51.88,53.69
2022-05-15,52.21,59.16,49.62,58.65
2022-05-14,48.71,53.8,45.89,52.21
2022-05-13,44.7,56.19,43.94,48.75
2022-05-12,50.54,55.55,36.35,44.65
2022-05-11,66.71,68.35,43.17,50.48
2022-05-10,61.98,74.05,60.37,66.66
2022-05-09,75.44,77.19,61.98,61.98
2022-05-08,78.87,79.32,73.76,75.39
2022-05-07,81.62,82.25,77.24,78.87
2022-05-06,84.52,84.78,80.05,81.62
2022-05-05,92.75,95.13,81.94,84.58
2022-05-04,85.8,93.03,85.46,92.78
2022-05-03,87.47,88.77,84.63,85.85
2022-05-02,89.62,90.8,85.06,87.43
2022-05-01,84.82,92.95,84.23,89.62
2022-04-30,93.89,94.96,82.13,84.84
2022-04-29,98.21,98.66,92.41,93.88
2022-04-28,98.37,100.53,96.49,98.25
2022-04-27,95.78,100.6,94.92,98.37
2022-04-26,101.06,101.93,94.74,95.78
2022-04-25,99.23,101.61,94.56,101.06
2022-04-24,100.6,102.26,98.62,99.31
2022-04-23,100.54,102.89,98.45,100.6
2022-04-22,101.75,103.55,99.26,100.57
2022-04-21,105.58,109.99,100.0,101.76
2022-04-20,108.64,110.89,104.37,105.53
2022-04-19,102.32,108.79,101.15,108.62
2022-04-18,100.27,102.68,94.85,102.31
2022-04-17,102.11,105.45,99.66,100.35
2022-04-16,101.34,103.48,100.82,102.14
2022-04-15,100.73,102.88,99.54,101.31
2022-04-14,104.84,107.61,98.84,100.73
2022-04-13,103.2,106.01,100.1,104.93
2022-04-12,99.47,109.38,98.42,103.2
2022-04-11,111.08,111.99,98.25,99.3
2022-04-10,113.02,116.0,109.85,110.87
2022-04-09,110.05,113.51,108.32,113.03
2022-04-08,118.46,122.44,108.22,110.05
2022-04-07,112.96,119.89,111.02,118.65
2022-04-06,126.77,127.44,112.23,112.94
2022-04-05,132.14999,136.61,126.11,126.9
2022-04-04,136.82001,138.22,125.93,132.22
2022-04-03,132.42,141.0,130.78999,136.8
2022-04-02,134.5,143.55,131.64,132.22
2022-04-01,122.83,138.44,117.6,134.53999
2022-03-31,120.72,129.49001,120.0,122.94
2022-03-30,111.74,125.19,107.22,120.78
2022-03-29,106.13,115.7,105.72,111.74
2022-03-28,107.03,113.79,105.31,106.56
2022-03-27,101.89,107.45,98.88,107.13
2022-03-26,98.67,103.35,97.71,101.84
2022-03-25,102.4,104.88,97.14,98.64
2022-03-24,94.89,103.73,93.56,102.4
2022-03-23,90.46,96.28,89.32,94.96
2022-03-22,88.62,93.98,88.0,90.5
2022-03-21,88.63,91.25,86.84,88.62
2022-03-20,92.41,92.61,87.94,88.63
2022-03-19,89.88,94.57,89.29,92.41
2022-03-18,87.84,92.33,84.5,89.92
2022-03-17,87.8,91.05,86.68,87.88
2022-03-16,82.83,88.0,81.58,87.84
2022-03-15,81.23,85.99,78.9,82.78
2022-03-14,78.92,82.27,78.14,81.23
2022-03-13,81.42,83.14,77.76,78.87
2022-03-12,80.68,82.72,80.63,81.42
2022-03-11,82.92,84.32,80.13,80.68
2022-03-10,88.04,88.63,80.86,82.92
2022-03-09,82.39,89.89,82.02,88.04
2022-03-08,81.92,85.02,81.4,82.39
2022-03-07,84.59,89.15,80.08,83.09
2022-03-06,89.63,90.37,84.12,84.59
2022-03-05,88.32,93.18,86.18,86.18
2022-03-04,95.6,100.31,87.11,92.48
2022-03-03,100.73,101.69,94.11,95.6
2022-03-02,98.67,106.37,96.94,100.73
2022-03-01,99.78,101.8,94.29,98.67
2022-02-28,85.65,102.41,84.2,99.78
2022-02-27,90.13,92.19,84.19,85.65
2022-02-26,92.75,94.78,89.38,90.13
2022-02-25,89.51,95.03,87.02,92.75
2022-02-24,84.41,92.85,75.68,89.51
2022-02-23,86.44,93.21,84.41,84.41
2022-02-22,83.03,87.4,81.16,86.44
2022-02-21,90.65,96.05,82.89,83.03
2022-02-20,91.32,93.73,85.83,90.65
2022-02-19,90.04,92.57,88.77,91.32
2022-02-18,93.67,96.42,89.44,90.04
2022-02-17,101.75,102.82,92.47,93.67
2022-02-16,105.03,105.63,98.38,101.75
2022-02-15,96.53,105.54,96.37,105.03
2022-02-14,92.83,97.78,91.03,96.53
2022-02-13,95.95,97.28,91.46,92.83
2022-02-12,96.46,99.8,93.22,95.95
2022-02-11,106.17,108.2,95.29,96.46
2022-02-10,114.05,114.95,105.89,106.17
2022-02-09,113.37,117.05,109.76,114.05
2022-02-08,117.55,120.2,109.92,113.37
2022-02-07,115.32,121.83,112.96,117.55
2022-02-06,113.99,116.0,111.92,115.32
2022-02-05,112.24,118.62,110.38,113.99
2022-02-04,101.8,112.65,100.51,112.24
2022-02-03,101.97,103.13,94.29,101.88
2022-02-02,109.81,112.34,97.02,101.97
2022-02-01,99.56,113.56,99.08,109.81
2022-01-31,93.4,101.38,89.27,99.82
2022-01-30,96.1,97.49,91.56,93.32
2022-01-29,91.41,98.73,90.73,96.1
2022-01-28,89.61,93.58,87.37,91.41
2022-01-27,91.93,94.36,85.92,89.38
2022-01-26,94.8,103.91,89.45,91.93
2022-01-25,91.9,100.05,87.59,94.8
2022-01-24,99.81,99.93,80.88,91.9
2022-01-23,94.8,104.81,93.36,99.88
2022-01-22,112.34,114.19,88.45,94.74
2022-01-21,127.51,130.74001,106.31,112.49
2022-01-20,135.33,143.95,126.2,127.71
2022-01-19,141.35001,142.75,132.89999,135.31
2022-01-18,139.83,142.84,134.39,141.35001
2022-01-17,148.00999,148.28,137.14999,139.85001
2022-01-16,147.74001,152.0,146.22,147.96001
2022-01-15,146.17,149.60001,144.07001,147.78
2022-01-14,146.24001,150.64999,142.03999,146.17
2022-01-13,151.56,157.87,145.59,146.24001
2022-01-12,140.27,153.37,138.28999,151.50999
2022-01-11,135.89,143.55,133.67999,140.27
2022-01-10,140.8,143.75999,130.10001,135.84
2022-01-09,142.11,145.67999,137.87,140.83
2022-01-08,136.39999,148.06,133.07001,142.14999
2022-01-07,150.25999,150.73,133.39,136.37
2022-01-06,154.44,154.8,146.14,150.25
2022-01-05,167.74001,171.25999,145.03,154.31
2022-01-04,170.13,173.87,166.53999,167.72
2022-01-03,176.32001,176.46001,166.78,170.07001
2022-01-02,179.21001,179.55,174.41,176.39
2022-01-01,169.98,179.24001,169.98,179.16
2021-12-31,172.52,177.7,167.71001,169.88
2021-12-30,170.64,175.73,168.31,172.5
2021-12-29,177.28999,180.63,170.23,170.64999
2021-12-28,195.67999,195.72,176.28999,177.25999
2021-12-27,198.0,204.86,194.89999,195.78
2021-12-26,193.06,200.67999,190.31,197.88
2021-12-25,190.7,195.28,189.28,193.02
2021-12-24,190.11,197.57001,184.37,190.60001
2021-12-23,178.45,193.72,175.74001,190.0
2021-12-22,179.75,187.56,177.12,178.45
2021-12-21,174.06,182.64,170.27,179.78999
2021-12-20,179.99001,181.27,168.44,174.06
2021-12-19,182.89,189.3,178.53,180.0
2021-12-18,175.55,184.39,171.03,182.94
2021-12-17,176.97,182.50999,168.17999,175.58
2021-12-16,178.60001,189.2,174.47,176.94
2021-12-15,161.38,182.87,157.03999,178.57001
2021-12-14,155.19,163.25999,149.71001,161.36
2021-12-13,172.98,172.98,148.07001,155.14999
2021-12-12,172.16,176.95,167.8,172.84
2021-12-11,167.64999,173.88,161.53999,172.08
2021-12-10,181.45,184.69,167.57001,167.67
2021-12-09,194.79201,196.804,178.80099,181.59
2021-12-08,190.366,196.5,183.817,194.71899
2021-12-07,193.72099,204.23199,188.09599,190.366
2021-12-06,196.80099,197.847,176.54601,193.92599
2021-12-05,201.10201,204.77901,181.871,196.556
2021-12-04,211.757,212.694,177.50101,201.114
2021-12-03,233.845,239.59,204.938,212.101
2021-12-02,229.992,243.44099,220.11301,233.827
2021-12-01,208.716,232.476,207.95,229.955
2021-11-30,204.187,218.506,199.715,208.604
2021-11-29,200.83501,212.968,199.892,204.181
2021-11-28,192.952,202.394,181.16901,200.907
2021-11-27,192.481,199.508,190.68201,193.12
2021-11-26,210.13901,210.60899,183.0,192.578
2021-11-25,205.76801,216.5,202.075,210.063
2021-11-24,221.97301,222.04201,200.161,205.722
2021-11-23,215.78799,226.16299,211.0,221.914
2021-11-22,230.797,232.15601,211.769,215.73199
2021-11-21,217.86501,235.584,210.713,230.636
2021-11-20,215.38499,221.342,206.133,217.923
2021-11-19,195.32001,220.0,189.39,215.37399
2021-11-18,219.04401,222.83099,186.87601,195.274
2021-11-17,219.19099,222.524,210.0,218.961
2021-11-16,238.217,238.21899,214.47701,219.157
2021-11-15,238.702,246.371,234.31599,238.149
2021-11-14,241.718,242.04601,230.481,238.729
2021-11-13,228.535,242.08701,224.931,241.729
2021-11-12,233.498,238.995,221.02699,228.55
2021-11-11,233.27699,246.479,229.543,233.688
2021-11-10,239.045,248.12199,217.14101,233.62601
2021-11-09,248.354,253.201,237.64,239.043
2021-11-08,249.808,253.33299,233.69501,248.422
2021-11-07,258.763,258.88901,245.88901,249.799
2021-11-06,236.306,260.0,235.01601,258.60901
2021-11-05,247.244,248.49001,230.66901,236.364
2021-11-04,243.55299,250.55,234.631,247.186
2021-11-03,221.013,246.814,216.048,243.314
2021-11-02,204.07401,222.38901,201.12601,221.28999
2021-11-01,202.74899,211.662,197.98801,203.627
2021-10-31,195.91299,205.19901,185.63499,202.63
2021-10-30,200.424,200.633,187.55099,195.94501
2021-10-29,195.593,205.302,194.72301,200.439
2021-10-28,184.649,201.561,181.81,194.899
2021-10-27,199.911,205.57899,180.013,184.59801
2021-10-26,209.60001,214.127,196.55299,199.80701
2021-10-25,202.302,218.964,198.127,209.54401
2021-10-24,197.754,204.978,185.326,202.32899
2021-10-23,196.246,205.71899,192.049,197.707
2021-10-22,190.47301,214.99899,188.14,196.211
2021-10-21,176.826,194.211,176.826,190.49699
2021-10-20,155.85001,176.877,155.159,176.843
2021-10-19,157.14999,159.39999,153.194,155.85001
2021-10-18,160.17599,162.952,155.0,157.104
2021-10-17,157.616,167.5,153.343,160.06599
2021-10-16,163.19299,164.76601,156.619,157.562
2021-10-15,150.026,165.248,146.91,163.235
2021-10-14,148.06799,155.64999,147.31799,150.01601
2021-10-13,152.41,155.496,144.382,148.065
2021-10-12,144.853,153.60899,137.707,152.485
2021-10-11,147.62399,154.0,140.353,144.905
2021-10-10,156.827,158.496,145.92799,147.746
2021-10-09,158.83299,161.578,154.23,156.76401
2021-10-08,154.338,168.98399,152.502,158.698
2021-10-07,153.94901,161.485,150.35001,154.32001
2021-10-06,164.679,165.5,150.302,153.888
2021-10-05,167.231,170.244,160.17799,164.623
2021-10-04,173.151,173.151,162.19,167.185
2021-10-03,168.979,177.832,165.72501,173.108
2021-10-02,161.571,175.089,156.24001,169.052
2021-10-01,141.358,165.0,138.242,161.754
2021-09-30,135.304,142.845,134.13901,141.306
2021-09-29,132.214,140.15601,131.101,135.304
2021-09-28,136.35001,139.44901,128.19501,132.287
2021-09-27,135.632,148.93201,133.76199,136.41499
2021-09-26,136.117,140.78,125.0,135.75999
2021-09-25,139.308,144.07899,133.554,136.117
2021-09-24,150.0,151.286,128.13901,139.308
2021-09-23,148.196,152.463,143.03101,150.034
2021-09-22,124.246,152.386,122.14,148.215
2021-09-21,132.63499,144.599,116.0,124.259
2021-09-20,152.81,153.43201,130.369,132.565
2021-09-19,169.39101,171.0,150.66,152.821
2021-09-18,147.53999,171.64101,144.20799,169.429
2021-09-17,152.071,153.299,134.118,147.582
2021-09-16,158.478,162.95,147.30099,152.043
2021-09-15,158.688,166.287,153.75,158.492
2021-09-14,169.797,171.88,142.076,158.634
2021-09-13,174.272,175.07001,150.474,169.797
2021-09-12,179.12199,181.633,170.297,174.272
2021-09-11,179.50999,193.509,175.3,179.12801
2021-09-10,187.907,197.355,167.99699,179.439
2021-09-09,191.03,216.295,180.908,187.838
2021-09-08,173.39999,197.996,146.826,191.039
2021-09-07,164.37801,199.99899,134.5,173.39999
2021-09-06,142.138,166.14301,137.642,164.308
2021-09-05,139.028,145.214,135.022,142.161
2021-09-04,146.524,150.60201,135.92,139.02901
2021-09-03,128.34599,149.0,128.22099,146.565
2021-09-02,110.63,132.14799,109.261,128.317
2021-09-01,108.29,119.679,105.96,110.706
2021-08-31,119.618,121.577,103.102,108.317
